"","from","to"
"1","1","No"
"2","2","Yes (Intermural)"
"3","3","Yes (Intermural)"
"4","4","Yes (Varsity)"
"5","5","Yes (Club)"
"6","6","No"
"7","7","No"
"8","8","No"
"9","9","No"
"10","10","Yes (Varsity)"
"11","11","Yes (Varsity)"
"12","12","No"
"13","13","No"
"14","14","Yes (Club)"
"15","15","Yes (Varsity)"
"16","16","No"
"17","17","Yes (Varsity)"
"18","18","No"
"19","19","No"
"20","20","No"
"21","21","Yes (Club)"
"22","22","No"
"23","23","Yes (Varsity)"
"24","24","Yes (Club)"
"25","25","No"
"26","26","No"
"27","27","Yes (Varsity)"
"28","28","No"
"29","29","No"
"30","30","No"
"31","31","No"
"32","32","Yes (Varsity)"
"33","33","Yes (Club)"
"34","34","No"
"35","35","No"
"36","36","No"
"37","37","Yes (Intermural)"
"38","38","No"
"39","39","Yes (Club)"
"40","40","No"
"41","41","No"
"42","42","Yes (Varsity)"
"43","43","Yes (Club)"
"44","44","No"
"45","45","Yes (Varsity)"
"46","46","No"
"47","47","No"
"48","48","No"
"49","49","Yes (Varsity)"
"50","50","Yes (Club)"
"51","51","Yes (Intermural)"
"52","52","No"
"53","53","No"
"54","54","No"
"55","55","Yes (Club)"
"56","56","No"
"57","57","No"
"58","58","No"
"59","59","Yes (Varsity)"
"60","60","No"
"61","61","Yes (Club)"
"62","62","Yes (Varsity)"
"63","63","No"
"64","64","No"
"65","65","Yes (Varsity)"
"66","66","Yes (Club)"
"67","67","Yes (Intermural)"
"68","68","No"
"69","69","No"
"70","70","No"
"71","71","No"
"72","72","Yes (Varsity)"
"73","73","No"
"74","74","Yes (Club)"
"75","75","No"
"76","76","No"
"77","77","No"
"78","78","Yes (Intermural)"
"79","79","Yes (Varsity)"
"80","80","Yes (Club)"
"81","81","No"
"82","82","Yes (Varsity)"
"83","83","Yes (Intermural)"
"84","84","Yes (Varsity)"
"85","85","No"
"86","86","No"
"87","87","No"
"88","88","No"
"89","89","No"
"90","90","Yes (Varsity)"
"91","91","Yes (Club)"
"92","92","Yes (Varsity)"
"93","93","Yes (Varsity)"
"94","94","Yes (Intermural)"
"95","95","No"
"96","96","Yes (Varsity)"
"97","97","No"
"98","98","No"
"99","99","No"
"100","100","Yes (Intermural)"
"101","101","Yes (Varsity)"
"102","102","No"
"103","103","No"
"104","104","No"
"105","105","No"
"106","106","No"
"107","107","No"
"108","108","No"
"109","109","No"
"110","110","Yes (Club)"
"111","111","Yes (Club)"
"112","112","No"
"113","113","No"
"114","114","No"
"115","115","No"
"116","116","Yes (Varsity)"
"117","117","Yes (Club)"
"118","118","Yes (Club)"
"119","119","No"
"120","120","Yes (Club)"
"121","121","No"
"122","122","Yes (Varsity)"
"123","123","Yes (Club)"
"124","124","No"
"125","125","Yes (Varsity)"
"126","126","No"
"127","127","Yes (Club)"
"128","128","Yes (Varsity)"
"129","129","Yes (Varsity)"
"130","130","Yes (Club)"
"131","131","Yes (Club)"
"132","132","No"
"133","133","Yes (Intermural)"
"134","134","No"
"135","135","Yes (Varsity)"
"136","136","No"
"137","137","No"
"138","138","No"
"139","139","No"
"140","140","No"
"141","141","No"
"142","142","No"
"143","143","No"
"144","144","No"
"145","145","Yes (Varsity)"
"146","146","Yes (Club)"
"147","147","No"
"148","148","No"
"149","149","No"
"150","150","No"
"151","151","No"
"152","152","Yes (Club)"
"153","153","No"
"154","154","No"
"155","155","No"
"156","156","No"
"157","157","No"
"158","158","No"
"159","159","Yes (Intermural)"
"160","160","No"
"161","161","Yes (Intermural)"
"162","162","Yes (Varsity)"
"163","163","Yes (Intermural)"
"164","164","No"
"165","165","Yes (Club)"
"166","166","No"
"167","167","No"
"168","168","No"
"169","169","Yes (Intermural)"
"170","170","Yes (Club)"
"171","171","Yes (Varsity)"
"172","172","Yes (Intermural)"
"173","173","Yes (Club)"
"174","174","Yes (Varsity)"
"175","175","Yes (Varsity)"
"176","176","Yes (Varsity)"
"177","177","Yes (Varsity)"
"178","178","No"
"179","179","No"
"180","180","No"
"181","181","No"
"182","182","No"
"183","183","No"
"184","184","Yes (Club)"
"185","185","No"
"186","186","Yes (Varsity)"
"187","187","No"
"188","188","No"
"189","189","No"
"190","190","No"
"191","191","No"
"192","192","No"
"193","193","Yes (Varsity)"
"194","194","No"
"195","195","No"
"196","196","Yes (Club)"
"197","197","Yes (Club)"
"198","198","No"
"199","199","No"
"200","200","No"
"201","201","No"
"202","202","No"
"203","203","No"
"204","204","No"
"205","205","No"
"206","206","No"
"207","207","No"
"208","208","No"
"209","209","No"
"210","210","No"
"211","211","No"
"212","212","Yes (Club)"
"213","213","Yes (Intermural)"
"214","214","No"
"215","215","No"
"216","216","Yes (Club)"
"217","217","Yes (Varsity)"
"218","218","No"
"219","219","No"
"220","220","Yes (Club)"
"221","221","No"
"222","222","No"
"223","223","Yes (Varsity)"
"224","224","No"
"225","225","Yes (Intermural)"
"226","226","No"
"227","227","No"
"228","228","Yes (Varsity)"
"229","229","No"
"230","230","No"
"231","231","No"
"232","232","No"
"233","233","No"
"234","234","Yes (Club)"
"235","235","No"
"236","236","Yes (Varsity)"
"237","237","Yes (Club)"
"238","238","No"
"239","239","No"
"240","240","No"
"241","241","No"
"242","242","No"
"243","243","No"
"244","244","No"
"245","245","No"
"246","246","No"
"247","247","Yes (Club)"
"248","248","Yes (Varsity)"
"249","249","No"
"250","250","No"
"251","251","Yes (Club)"
"252","252","Yes (Varsity)"
"253","253","No"
"254","254","No"
"255","255","No"
"256","256","Yes (Varsity)"
"257","257","No"
"258","258","Yes (Varsity)"
"259","259","No"
"260","260","Yes (Club)"
"261","261","No"
"262","262","Yes (Varsity)"
"263","263","No"
"264","264","No"
"265","265","No"
"266","266","No"
"267","267","No"
"268","268","Yes (Varsity)"
"269","269","Yes (Club)"
"270","270","Yes (Intermural)"
"271","271","Yes (Varsity)"
"272","272","No"
"273","273","Yes (Varsity)"
"274","274","Yes (Varsity)"
"275","275","No"
"276","276","No"
"277","277","No"
"278","278","Yes (Intermural)"
"279","279","Yes (Club)"
"280","280","No"
"281","281","No"
"282","282","Yes (Varsity)"
"283","283","No"
"284","284","No"
"285","285","Yes (Varsity)"
"286","286","No"
"287","287","Yes (Club)"
"288","288","No"
"289","289","No"
"290","290","No"
"291","291","No"
"292","292","Yes (Varsity)"
"293","293","Yes (Intermural)"
"294","294","No"
"295","295","Yes (Intermural)"
"296","296","Yes (Varsity)"
"297","297","Yes (Varsity)"
"298","298","Yes (Varsity)"
"299","299","No"
"300","300","No"
"301","301","No"
"302","302","Yes (Varsity)"
"303","303","No"
"304","304","No"
"305","305","No"
"306","306","No"
"307","307","No"
"308","308","No"
"309","309","No"
"310","310","No"
"311","311","No"
"312","312","No"
"313","313","No"
"314","314","No"
"315","315","Yes (Club)"
"316","316","No"
"317","317","Yes (Varsity)"
"318","318","Yes (Club)"
"319","319","No"
"320","320","Yes (Club)"
"321","321","Yes (Intermural)"
"322","322","No"
"323","323","No"
"324","324","No"
"325","325","No"
"326","326","Yes (Intermural)"
"327","327","No"
"328","328","No"
"329","329","Yes (Varsity)"
"330","330","Yes (Club)"
"331","331","No"
"332","332","Yes (Intermural)"
"333","333","Yes (Intermural)"
"334","334","No"
"335","335","Yes (Varsity)"
"336","336","Yes (Club)"
"337","337","No"
"338","338","Yes (Varsity)"
"339","339","Yes (Varsity)"
"340","340","Yes (Varsity)"
"341","341","No"
"342","342","Yes (Varsity)"
"343","343","No"
"344","344","No"
"345","345","Yes (Club)"
"346","346","Yes (Varsity)"
"347","347","Yes (Varsity)"
"348","348","No"
"349","349","No"
"350","350","No"
"351","351","No"
"352","352","No"
"353","353","No"
"354","354","No"
"355","355","No"
"356","356","No"
"357","357","No"
"358","358","No"
"359","359","Yes (Club)"
"360","360","Yes (Club)"
"361","361","No"
"362","362","No"
"363","363","No"
"364","364","No"
"365","365","No"
"366","366","Yes (Varsity)"
"367","367","Yes (Varsity)"
"368","368","No"
"369","369","No"
"370","370","No"
"371","371","No"
"372","372","No"
"373","373","No"
"374","374","No"
"375","375","No"
"376","376","Yes (Varsity)"
"377","377","Yes (Club)"
"378","378","Yes (Varsity)"
"379","379","No"
"380","380","No"
"381","381","No"
"382","382","No"
"383","383","Yes (Club)"
"384","384","No"
"385","385","Yes (Varsity)"
"386","386","No"
"387","387","No"
"388","388","Yes (Club)"
"389","389","No"
"390","390","Yes (Varsity)"
"391","391","No"
"392","392","Yes (Varsity)"
"393","393","No"
"394","394","No"
"395","395","No"
"396","396","No"
"397","397","No"
"398","398","Yes (Varsity)"
"399","1","FCU - Fall Clean-Up with Dorm Crew"
"400","2","None"
"401","3","FCU - Fall Clean-Up with Dorm Crew"
"402","4","None"
"403","5","None"
"404","6","None"
"405","7","FCU - Fall Clean-Up with Dorm Crew"
"406","8","FOP - First-Year Outdoor Program"
"407","9","FYRE - First-Year Retreat and Experience"
"408","10","None"
"409","11","FOP - First-Year Outdoor Program"
"410","12","FCU - Fall Clean-Up with Dorm Crew"
"411","13","FCU - Fall Clean-Up with Dorm Crew"
"412","14","FOP - First-Year Outdoor Program"
"413","15","None"
"414","16","FOP - First-Year Outdoor Program"
"415","17","FOP - First-Year Outdoor Program"
"416","18","FOP - First-Year Outdoor Program"
"417","19","None"
"418","20","FOP - First-Year Outdoor Program"
"419","21","FOP - First-Year Outdoor Program"
"420","22","None"
"421","23","FOP - First-Year Outdoor Program"
"422","24","FOP - First-Year Outdoor Program"
"423","25","FCU - Fall Clean-Up with Dorm Crew"
"424","26","FIP - First-Year International Program"
"425","27","FIP - First-Year International Program"
"426","28","FYRE - First-Year Retreat and Experience"
"427","29","FCU - Fall Clean-Up with Dorm Crew"
"428","30","None"
"429","31","FYRE - First-Year Retreat and Experience"
"430","32","None"
"431","33","FOP - First-Year Outdoor Program"
"432","34","FOP - First-Year Outdoor Program"
"433","35","FYRE - First-Year Retreat and Experience, FCU - Fall Clean-Up with Dorm Crew"
"434","36","FOP - First-Year Outdoor Program"
"435","37","FCU - Fall Clean-Up with Dorm Crew"
"436","38","FCU - Fall Clean-Up with Dorm Crew"
"437","39","FOP - First-Year Outdoor Program"
"438","40","FAP - First-Year Arts Program"
"439","41","FUP - First-Year Urban Program"
"440","42","None"
"441","43","FCU - Fall Clean-Up with Dorm Crew"
"442","44","None"
"443","45","FIP - First-Year International Program"
"444","46","FOP - First-Year Outdoor Program"
"445","47","None"
"446","48","FYRE - First-Year Retreat and Experience"
"447","49","None"
"448","50","FOP - First-Year Outdoor Program"
"449","51","None"
"450","52","FOP - First-Year Outdoor Program"
"451","53","FOP - First-Year Outdoor Program"
"452","54","FOP - First-Year Outdoor Program"
"453","55","FOP - First-Year Outdoor Program"
"454","56","FUP - First-Year Urban Program"
"455","57","FCU - Fall Clean-Up with Dorm Crew"
"456","58","None"
"457","59","None"
"458","60","FOP - First-Year Outdoor Program"
"459","61","FOP - First-Year Outdoor Program"
"460","62","None"
"461","63","FOP - First-Year Outdoor Program"
"462","64","FCU - Fall Clean-Up with Dorm Crew"
"463","65","None"
"464","66","FOP - First-Year Outdoor Program"
"465","67","FCU - Fall Clean-Up with Dorm Crew"
"466","68","None"
"467","69","FOP - First-Year Outdoor Program"
"468","70","FOP - First-Year Outdoor Program"
"469","71","FCU - Fall Clean-Up with Dorm Crew"
"470","72","FOP - First-Year Outdoor Program"
"471","73","None"
"472","74","FOP - First-Year Outdoor Program"
"473","75","None"
"474","76","FIP - First-Year International Program"
"475","77","FCU - Fall Clean-Up with Dorm Crew"
"476","78","None"
"477","79","None"
"478","80","FOP - First-Year Outdoor Program"
"479","81","None"
"480","82","None"
"481","83","FOP - First-Year Outdoor Program"
"482","84","None"
"483","85","FOP - First-Year Outdoor Program"
"484","86","None"
"485","87","FOP - First-Year Outdoor Program"
"486","88","FYRE - First-Year Retreat and Experience"
"487","89","FOP - First-Year Outdoor Program"
"488","90","None"
"489","91","FIP - First-Year International Program"
"490","92","None"
"491","93","FIP - First-Year International Program"
"492","94","FCU - Fall Clean-Up with Dorm Crew"
"493","95","FOP - First-Year Outdoor Program"
"494","96","FCU - Fall Clean-Up with Dorm Crew"
"495","97","FCU - Fall Clean-Up with Dorm Crew"
"496","98","FOP - First-Year Outdoor Program"
"497","99","FOP - First-Year Outdoor Program"
"498","100","FCU - Fall Clean-Up with Dorm Crew"
"499","101","None"
"500","102","FCU - Fall Clean-Up with Dorm Crew"
"501","103","FAP - First-Year Arts Program"
"502","104","FCU - Fall Clean-Up with Dorm Crew"
"503","105","FUP - First-Year Urban Program"
"504","106","FYRE - First-Year Retreat and Experience"
"505","107","FAP - First-Year Arts Program"
"506","108","FUP - First-Year Urban Program"
"507","109","FOP - First-Year Outdoor Program"
"508","110","FOP - First-Year Outdoor Program"
"509","111","FIP - First-Year International Program"
"510","112","None"
"511","113","FUP - First-Year Urban Program"
"512","114","FOP - First-Year Outdoor Program"
"513","115","FUP - First-Year Urban Program"
"514","116","FOP - First-Year Outdoor Program"
"515","117","FCU - Fall Clean-Up with Dorm Crew"
"516","118","FAP - First-Year Arts Program"
"517","119","FCU - Fall Clean-Up with Dorm Crew"
"518","120","FCU - Fall Clean-Up with Dorm Crew"
"519","121","FIP - First-Year International Program, FCU - Fall Clean-Up with Dorm Crew"
"520","122","FOP - First-Year Outdoor Program"
"521","123","FIP - First-Year International Program"
"522","124","FIP - First-Year International Program, FCU - Fall Clean-Up with Dorm Crew"
"523","125","FIP - First-Year International Program, FCU - Fall Clean-Up with Dorm Crew"
"524","126","FCU - Fall Clean-Up with Dorm Crew"
"525","127","FOP - First-Year Outdoor Program"
"526","128","None"
"527","129","FOP - First-Year Outdoor Program"
"528","130","FOP - First-Year Outdoor Program"
"529","131","FOP - First-Year Outdoor Program"
"530","132","FCU - Fall Clean-Up with Dorm Crew"
"531","133","None"
"532","134","None"
"533","135","None"
"534","136","FOP - First-Year Outdoor Program"
"535","137","FOP - First-Year Outdoor Program"
"536","138","FOP - First-Year Outdoor Program"
"537","139","FCU - Fall Clean-Up with Dorm Crew"
"538","140","FOP - First-Year Outdoor Program"
"539","141","None"
"540","142","FOP - First-Year Outdoor Program"
"541","143","None"
"542","144","FUP - First-Year Urban Program"
"543","145","None"
"544","146","FOP - First-Year Outdoor Program"
"545","147","None"
"546","148","FUP - First-Year Urban Program"
"547","149","None"
"548","150","None"
"549","151","FOP - First-Year Outdoor Program"
"550","152","FOP - First-Year Outdoor Program"
"551","153","FUP - First-Year Urban Program"
"552","154","FOP - First-Year Outdoor Program"
"553","155","FOP - First-Year Outdoor Program"
"554","156","FUP - First-Year Urban Program"
"555","157","None"
"556","158","FIP - First-Year International Program"
"557","159","None"
"558","160","None"
"559","161","FOP - First-Year Outdoor Program"
"560","162","FOP - First-Year Outdoor Program"
"561","163","FIP - First-Year International Program"
"562","164","FCU - Fall Clean-Up with Dorm Crew"
"563","165","FUP - First-Year Urban Program, None"
"564","166","None"
"565","167","FOP - First-Year Outdoor Program"
"566","168","FIP - First-Year International Program"
"567","169","None"
"568","170","FOP - First-Year Outdoor Program"
"569","171","None"
"570","172","None"
"571","173","FCU - Fall Clean-Up with Dorm Crew"
"572","174","None"
"573","175","None"
"574","176","None"
"575","177","FIP - First-Year International Program"
"576","178","None"
"577","179","None"
"578","180","FCU - Fall Clean-Up with Dorm Crew"
"579","181","FUP - First-Year Urban Program"
"580","182","FCU - Fall Clean-Up with Dorm Crew"
"581","183","FAP - First-Year Arts Program"
"582","184","FOP - First-Year Outdoor Program"
"583","185","FUP - First-Year Urban Program"
"584","186","FOP - First-Year Outdoor Program"
"585","187","FOP - First-Year Outdoor Program"
"586","188","FUP - First-Year Urban Program"
"587","189","FOP - First-Year Outdoor Program"
"588","190","FOP - First-Year Outdoor Program"
"589","191","None"
"590","192","FUP - First-Year Urban Program"
"591","193","None"
"592","194","FOP - First-Year Outdoor Program"
"593","195","None"
"594","196","None"
"595","197","None"
"596","198","None"
"597","199","None"
"598","200","None"
"599","201","FYRE - First-Year Retreat and Experience"
"600","202","FUP - First-Year Urban Program"
"601","203","FOP - First-Year Outdoor Program"
"602","204","FOP - First-Year Outdoor Program"
"603","205","FCU - Fall Clean-Up with Dorm Crew"
"604","206","FCU - Fall Clean-Up with Dorm Crew"
"605","207","FYRE - First-Year Retreat and Experience, FCU - Fall Clean-Up with Dorm Crew"
"606","208","None"
"607","209","FYRE - First-Year Retreat and Experience"
"608","210","None"
"609","211","FOP - First-Year Outdoor Program"
"610","212","None"
"611","213","FCU - Fall Clean-Up with Dorm Crew"
"612","214","FCU - Fall Clean-Up with Dorm Crew"
"613","215","FOP - First-Year Outdoor Program"
"614","216","FOP - First-Year Outdoor Program"
"615","217","None"
"616","218","FCU - Fall Clean-Up with Dorm Crew"
"617","219","None"
"618","220","FIP - First-Year International Program, FCU - Fall Clean-Up with Dorm Crew"
"619","221","None"
"620","222","FUP - First-Year Urban Program"
"621","223","None"
"622","224","None"
"623","225","FYRE - First-Year Retreat and Experience, FCU - Fall Clean-Up with Dorm Crew"
"624","226","FCU - Fall Clean-Up with Dorm Crew"
"625","227","FUP - First-Year Urban Program"
"626","228","FOP - First-Year Outdoor Program"
"627","229","None"
"628","230","FUP - First-Year Urban Program"
"629","231","FUP - First-Year Urban Program"
"630","232","FOP - First-Year Outdoor Program"
"631","233","FYRE - First-Year Retreat and Experience"
"632","234","None"
"633","235","FAP - First-Year Arts Program"
"634","236","FOP - First-Year Outdoor Program"
"635","237","FCU - Fall Clean-Up with Dorm Crew"
"636","238","None"
"637","239","FOP - First-Year Outdoor Program"
"638","240","FOP - First-Year Outdoor Program"
"639","241","FUP - First-Year Urban Program"
"640","242","None"
"641","243","FAP - First-Year Arts Program"
"642","244","None"
"643","245","FUP - First-Year Urban Program"
"644","246","None"
"645","247","FOP - First-Year Outdoor Program"
"646","248","None"
"647","249","FAP - First-Year Arts Program"
"648","250","FCU - Fall Clean-Up with Dorm Crew"
"649","251","FYRE - First-Year Retreat and Experience, FCU - Fall Clean-Up with Dorm Crew"
"650","252","FOP - First-Year Outdoor Program"
"651","253","FOP - First-Year Outdoor Program"
"652","254","FAP - First-Year Arts Program"
"653","255","None"
"654","256","None"
"655","257","None"
"656","258","None"
"657","259","FOP - First-Year Outdoor Program"
"658","260","FOP - First-Year Outdoor Program"
"659","261","FUP - First-Year Urban Program"
"660","262","None"
"661","263","None"
"662","264","FOP - First-Year Outdoor Program"
"663","265","FUP - First-Year Urban Program"
"664","266","FOP - First-Year Outdoor Program"
"665","267","FIP - First-Year International Program"
"666","268","FOP - First-Year Outdoor Program"
"667","269","FOP - First-Year Outdoor Program"
"668","270","None"
"669","271","None"
"670","272","FAP - First-Year Arts Program"
"671","273","FIP - First-Year International Program"
"672","274","None"
"673","275","None"
"674","276","None"
"675","277","FCU - Fall Clean-Up with Dorm Crew"
"676","278","None"
"677","279","FOP - First-Year Outdoor Program"
"678","280","FCU - Fall Clean-Up with Dorm Crew"
"679","281","FUP - First-Year Urban Program"
"680","282","None"
"681","283","None"
"682","284","FUP - First-Year Urban Program"
"683","285","None"
"684","286","None"
"685","287","FOP - First-Year Outdoor Program"
"686","288","FOP - First-Year Outdoor Program"
"687","289","FYRE - First-Year Retreat and Experience"
"688","290","FUP - First-Year Urban Program"
"689","291","FYRE - First-Year Retreat and Experience"
"690","292","None"
"691","293","FUP - First-Year Urban Program"
"692","294","FIP - First-Year International Program"
"693","295","FOP - First-Year Outdoor Program"
"694","296","None"
"695","297","None"
"696","298","None"
"697","299","FOP - First-Year Outdoor Program"
"698","300","FCU - Fall Clean-Up with Dorm Crew"
"699","301","FCU - Fall Clean-Up with Dorm Crew"
"700","302","FOP - First-Year Outdoor Program"
"701","303","FIP - First-Year International Program"
"702","304","None"
"703","305","FOP - First-Year Outdoor Program"
"704","306","FOP - First-Year Outdoor Program"
"705","307","FAP - First-Year Arts Program"
"706","308","FOP - First-Year Outdoor Program"
"707","309","None"
"708","310","FOP - First-Year Outdoor Program"
"709","311","None"
"710","312","None"
"711","313","FYRE - First-Year Retreat and Experience"
"712","314","FAP - First-Year Arts Program"
"713","315","None"
"714","316","FCU - Fall Clean-Up with Dorm Crew"
"715","317","FOP - First-Year Outdoor Program"
"716","318","None"
"717","319","None"
"718","320","FOP - First-Year Outdoor Program"
"719","321","FOP - First-Year Outdoor Program"
"720","322","FOP - First-Year Outdoor Program"
"721","323","FCU - Fall Clean-Up with Dorm Crew"
"722","324","FOP - First-Year Outdoor Program"
"723","325","FIP - First-Year International Program"
"724","326","FUP - First-Year Urban Program"
"725","327","FIP - First-Year International Program"
"726","328","FIP - First-Year International Program"
"727","329","FOP - First-Year Outdoor Program"
"728","330","FOP - First-Year Outdoor Program"
"729","331","FCU - Fall Clean-Up with Dorm Crew"
"730","332","None"
"731","333","FOP - First-Year Outdoor Program"
"732","334","FOP - First-Year Outdoor Program"
"733","335","None"
"734","336","FOP - First-Year Outdoor Program"
"735","337","FOP - First-Year Outdoor Program"
"736","338","None"
"737","339","None"
"738","340","FOP - First-Year Outdoor Program"
"739","341","FYRE - First-Year Retreat and Experience"
"740","342","None"
"741","343","None"
"742","344","FAP - First-Year Arts Program"
"743","345","None"
"744","346","None"
"745","347","FYRE - First-Year Retreat and Experience, FCU - Fall Clean-Up with Dorm Crew"
"746","348","FCU - Fall Clean-Up with Dorm Crew"
"747","349","FYRE - First-Year Retreat and Experience"
"748","350","FIP - First-Year International Program"
"749","351","None"
"750","352","FUP - First-Year Urban Program"
"751","353","None"
"752","354","FOP - First-Year Outdoor Program"
"753","355","FOP - First-Year Outdoor Program"
"754","356","FOP - First-Year Outdoor Program"
"755","357","FYRE - First-Year Retreat and Experience, FCU - Fall Clean-Up with Dorm Crew"
"756","358","FIP - First-Year International Program, FCU - Fall Clean-Up with Dorm Crew"
"757","359","FOP - First-Year Outdoor Program"
"758","360","FOP - First-Year Outdoor Program"
"759","361","FOP - First-Year Outdoor Program"
"760","362","FUP - First-Year Urban Program"
"761","363","None"
"762","364","FIP - First-Year International Program, FCU - Fall Clean-Up with Dorm Crew"
"763","365","None"
"764","366","None"
"765","367","None"
"766","368","FIP - First-Year International Program"
"767","369","FOP - First-Year Outdoor Program"
"768","370","None"
"769","371","None"
"770","372","FOP - First-Year Outdoor Program"
"771","373","FCU - Fall Clean-Up with Dorm Crew"
"772","374","None"
"773","375","None"
"774","376","FOP - First-Year Outdoor Program"
"775","377","FOP - First-Year Outdoor Program"
"776","378","None"
"777","379","FOP - First-Year Outdoor Program"
"778","380","FYRE - First-Year Retreat and Experience"
"779","381","None"
"780","382","FOP - First-Year Outdoor Program"
"781","383","FOP - First-Year Outdoor Program"
"782","384","FOP - First-Year Outdoor Program"
"783","385","None"
"784","386","FYRE - First-Year Retreat and Experience, FCU - Fall Clean-Up with Dorm Crew"
"785","387","FCU - Fall Clean-Up with Dorm Crew"
"786","388","None"
"787","389","FOP - First-Year Outdoor Program"
"788","390","FCU - Fall Clean-Up with Dorm Crew"
"789","391","None"
"790","392","FCU - Fall Clean-Up with Dorm Crew"
"791","393","None"
"792","394","FUP - First-Year Urban Program"
"793","395","None"
"794","396","FUP - First-Year Urban Program"
"795","397","FCU - Fall Clean-Up with Dorm Crew"
"796","398","None"
"797","1","Hollis Hall"
"798","2","Grays Hall"
"799","3","Thayer Hall"
"800","4","Stoughton Hall"
"801","5","Wigglesworth Hall"
"802","6","Weld Hall"
"803","7","Matthews Hall"
"804","8","Greenough Hall"
"805","9","Canaday Hall"
"806","10","Stoughton Hall"
"807","11","Canaday Hall"
"808","12","Pennypacker Hall"
"809","13","Weld Hall"
"810","14","Matthews Hall"
"811","15","Greenough Hall"
"812","16","Weld Hall"
"813","17","Greenough Hall"
"814","18","Grays Hall"
"815","19","Thayer Hall"
"816","20","Pennypacker Hall"
"817","21","Canaday Hall"
"818","22","Holworthy Hall"
"819","23","Mower Hall"
"820","24","Apley Court"
"821","25","Apley Court"
"822","26","Pennypacker Hall"
"823","27","Weld Hall"
"824","28","Thayer Hall"
"825","29","Lionel Hall"
"826","30","Canaday Hall"
"827","31","Canaday Hall"
"828","32","Weld Hall"
"829","33","Thayer Hall"
"830","34","Grays Hall"
"831","35","Thayer Hall"
"832","36","Wigglesworth Hall"
"833","37","Canaday Hall"
"834","38","Wigglesworth Hall"
"835","39","Holworthy Hall"
"836","40","Mower Hall"
"837","41","Greenough Hall"
"838","42","Massachusetts Hall"
"839","43","Canaday Hall"
"840","44","Canaday Hall"
"841","45","Matthews Hall"
"842","46","Greenough Hall"
"843","47","Wigglesworth Hall"
"844","48","Wigglesworth Hall"
"845","49","Mower Hall"
"846","50","Pennypacker Hall"
"847","51","Stoughton Hall"
"848","52","Wigglesworth Hall"
"849","53","Mower Hall"
"850","54","Holworthy Hall"
"851","55","Pennypacker Hall"
"852","56","Wigglesworth Hall"
"853","57","Canaday Hall"
"854","58","Straus Hall"
"855","59","Weld Hall"
"856","60","Weld Hall"
"857","61","Wigglesworth Hall"
"858","62","Weld Hall"
"859","63","Greenough Hall"
"860","64","Matthews Hall"
"861","65","Canaday Hall"
"862","66","Straus Hall"
"863","67","Grays Hall"
"864","68","Canaday Hall"
"865","69","Weld Hall"
"866","70","Thayer Hall"
"867","71","Straus Hall"
"868","72","Wigglesworth Hall"
"869","73","Greenough Hall"
"870","74","Straus Hall"
"871","75","Wigglesworth Hall"
"872","76","Weld Hall"
"873","77","Massachusetts Hall"
"874","78","Hollis Hall"
"875","79","Grays Hall"
"876","80","Wigglesworth Hall"
"877","81","Matthews Hall"
"878","82","Lionel Hall"
"879","83","Thayer Hall"
"880","84","Wigglesworth Hall"
"881","85","Canaday Hall"
"882","86","Canaday Hall"
"883","87","Weld Hall"
"884","88","Wigglesworth Hall"
"885","89","Hollis Hall"
"886","90","Hurlbut Hall"
"887","91","Pennypacker Hall"
"888","92","Wigglesworth Hall"
"889","93","Holworthy Hall"
"890","94","Holworthy Hall"
"891","95","Hurlbut Hall"
"892","96","Holworthy Hall"
"893","97","Canaday Hall"
"894","98","Grays Hall"
"895","99","Canaday Hall"
"896","100","Thayer Hall"
"897","101","Thayer Hall"
"898","102","Hollis Hall"
"899","103","Pennypacker Hall"
"900","104","Straus Hall"
"901","105","Weld Hall"
"902","106","Hollis Hall"
"903","107","Canaday Hall"
"904","108","Apley Court"
"905","109","Matthews Hall"
"906","110","Weld Hall"
"907","111","Matthews Hall"
"908","112","Matthews Hall"
"909","113","Weld Hall"
"910","114","Apley Court"
"911","115","Canaday Hall"
"912","116","Canaday Hall"
"913","117","Canaday Hall"
"914","118","Wigglesworth Hall"
"915","119","Thayer Hall"
"916","120","Canaday Hall"
"917","121","Massachusetts Hall"
"918","122","Holworthy Hall"
"919","123","Grays Hall"
"920","124","Canaday Hall"
"921","125","Holworthy Hall"
"922","126","Canaday Hall"
"923","127","Wigglesworth Hall"
"924","128","Pennypacker Hall"
"925","129","Holworthy Hall"
"926","130","Grays Hall"
"927","131","Grays Hall"
"928","132","Canaday Hall"
"929","133","Weld Hall"
"930","134","Thayer Hall"
"931","135","Canaday Hall"
"932","136","Weld Hall"
"933","137","Grays Hall"
"934","138","Pennypacker Hall"
"935","139","Greenough Hall"
"936","140","Weld Hall"
"937","141","Apley Court"
"938","142","Canaday Hall"
"939","143","Pennypacker Hall"
"940","144","Holworthy Hall"
"941","145","Weld Hall"
"942","146","Hurlbut Hall"
"943","147","Weld Hall"
"944","148","Thayer Hall"
"945","149","Canaday Hall"
"946","150","Canaday Hall"
"947","151","Thayer Hall"
"948","152","Lionel Hall"
"949","153","Canaday Hall"
"950","154","Mower Hall"
"951","155","Weld Hall"
"952","156","Straus Hall"
"953","157","Greenough Hall"
"954","158","Matthews Hall"
"955","159","Canaday Hall"
"956","160","Hurlbut Hall"
"957","161","Matthews Hall"
"958","162","Hurlbut Hall"
"959","163","Weld Hall"
"960","164","Hurlbut Hall"
"961","165","Canaday Hall"
"962","166","Matthews Hall"
"963","167","Canaday Hall"
"964","168","Holworthy Hall"
"965","169","Grays Hall"
"966","170","Canaday Hall"
"967","171","Weld Hall"
"968","172","Mower Hall"
"969","173","Canaday Hall"
"970","174","Hurlbut Hall"
"971","175","Weld Hall"
"972","176","Canaday Hall"
"973","177","Wigglesworth Hall"
"974","178","Wigglesworth Hall"
"975","179","Weld Hall"
"976","180","Grays Hall"
"977","181","Wigglesworth Hall"
"978","182","Thayer Hall"
"979","183","Thayer Hall"
"980","184","Canaday Hall"
"981","185","Mower Hall"
"982","186","Matthews Hall"
"983","187","Pennypacker Hall"
"984","188","Thayer Hall"
"985","189","Mower Hall"
"986","190","Straus Hall"
"987","191","Grays Hall"
"988","192","Apley Court"
"989","193","Straus Hall"
"990","194","Wigglesworth Hall"
"991","195","Straus Hall"
"992","196","Greenough Hall"
"993","197","Greenough Hall"
"994","198","Hurlbut Hall"
"995","199","Wigglesworth Hall"
"996","200","Grays Hall"
"997","201","Wigglesworth Hall"
"998","202","Lionel Hall"
"999","203","Wigglesworth Hall"
"1000","204","Grays Hall"
"1001","205","Thayer Hall"
"1002","206","Greenough Hall"
"1003","207","Wigglesworth Hall"
"1004","208","Thayer Hall"
"1005","209","Canaday Hall"
"1006","210","Straus Hall"
"1007","211","Thayer Hall"
"1008","212","Greenough Hall"
"1009","213","Pennypacker Hall"
"1010","214","Holworthy Hall"
"1011","215","Canaday Hall"
"1012","216","Canaday Hall"
"1013","217","Matthews Hall"
"1014","218","Mower Hall"
"1015","219","Pennypacker Hall"
"1016","220","Hollis Hall"
"1017","221","Hollis Hall"
"1018","222","Pennypacker Hall"
"1019","223","Matthews Hall"
"1020","224","Canaday Hall"
"1021","225","Pennypacker Hall"
"1022","226","Canaday Hall"
"1023","227","Thayer Hall"
"1024","228","Holworthy Hall"
"1025","229","Canaday Hall"
"1026","230","Wigglesworth Hall"
"1027","231","Wigglesworth Hall"
"1028","232","Wigglesworth Hall"
"1029","233","Hollis Hall"
"1030","234","Mower Hall"
"1031","235","Canaday Hall"
"1032","236","Straus Hall"
"1033","237","Canaday Hall"
"1034","238","Canaday Hall"
"1035","239","Pennypacker Hall"
"1036","240","Apley Court"
"1037","241","Pennypacker Hall"
"1038","242","Hollis Hall"
"1039","243","Hollis Hall"
"1040","244","Greenough Hall"
"1041","245","Canaday Hall"
"1042","246","Weld Hall"
"1043","247","Hurlbut Hall"
"1044","248","Thayer Hall"
"1045","249","Mower Hall"
"1046","250","Mower Hall"
"1047","251","Hollis Hall"
"1048","252","Holworthy Hall"
"1049","253","Canaday Hall"
"1050","254","Holworthy Hall"
"1051","255","Holworthy Hall"
"1052","256","Weld Hall"
"1053","257","Canaday Hall"
"1054","258","Apley Court"
"1055","259","Canaday Hall"
"1056","260","Wigglesworth Hall"
"1057","261","Grays Hall"
"1058","262","Canaday Hall"
"1059","263","Canaday Hall"
"1060","264","Matthews Hall"
"1061","265","Weld Hall"
"1062","266","Straus Hall"
"1063","267","Canaday Hall"
"1064","268","Mower Hall"
"1065","269","Lionel Hall"
"1066","270","Thayer Hall"
"1067","271","Grays Hall"
"1068","272","Canaday Hall"
"1069","273","Matthews Hall"
"1070","274","Thayer Hall"
"1071","275","Thayer Hall"
"1072","276","Thayer Hall"
"1073","277","Thayer Hall"
"1074","278","Thayer Hall"
"1075","279","Thayer Hall"
"1076","280","Straus Hall"
"1077","281","Canaday Hall"
"1078","282","Massachusetts Hall"
"1079","283","Weld Hall"
"1080","284","Holworthy Hall"
"1081","285","Mower Hall"
"1082","286","Straus Hall"
"1083","287","Canaday Hall"
"1084","288","Wigglesworth Hall"
"1085","289","Apley Court"
"1086","290","Canaday Hall"
"1087","291","Canaday Hall"
"1088","292","Grays Hall"
"1089","293","Grays Hall"
"1090","294","Thayer Hall"
"1091","295","Matthews Hall"
"1092","296","Canaday Hall"
"1093","297","Thayer Hall"
"1094","298","Holworthy Hall"
"1095","299","Holworthy Hall"
"1096","300","Wigglesworth Hall"
"1097","301","Grays Hall"
"1098","302","Weld Hall"
"1099","303","Grays Hall"
"1100","304","Greenough Hall"
"1101","305","Hollis Hall"
"1102","306","Grays Hall"
"1103","307","Canaday Hall"
"1104","308","Thayer Hall"
"1105","309","Canaday Hall"
"1106","310","Grays Hall"
"1107","311","Canaday Hall"
"1108","312","Matthews Hall"
"1109","313","Weld Hall"
"1110","314","Weld Hall"
"1111","315","Straus Hall"
"1112","316","Weld Hall"
"1113","317","Pennypacker Hall"
"1114","318","Weld Hall"
"1115","319","Canaday Hall"
"1116","320","Weld Hall"
"1117","321","Stoughton Hall"
"1118","322","Hurlbut Hall"
"1119","323","Pennypacker Hall"
"1120","324","Canaday Hall"
"1121","325","Canaday Hall"
"1122","326","Matthews Hall"
"1123","327","Matthews Hall"
"1124","328","Thayer Hall"
"1125","329","Grays Hall"
"1126","330","Canaday Hall"
"1127","331","Massachusetts Hall"
"1128","332","Holworthy Hall"
"1129","333","Canaday Hall"
"1130","334","Canaday Hall"
"1131","335","Greenough Hall"
"1132","336","Holworthy Hall"
"1133","337","Hurlbut Hall"
"1134","338","Greenough Hall"
"1135","339","Grays Hall"
"1136","340","Thayer Hall"
"1137","341","Thayer Hall"
"1138","342","Thayer Hall"
"1139","343","Weld Hall"
"1140","344","Mower Hall"
"1141","345","Canaday Hall"
"1142","346","Matthews Hall"
"1143","347","Pennypacker Hall"
"1144","348","Canaday Hall"
"1145","349","Matthews Hall"
"1146","350","Matthews Hall"
"1147","351","Thayer Hall"
"1148","352","Wigglesworth Hall"
"1149","353","Wigglesworth Hall"
"1150","354","Holworthy Hall"
"1151","355","Thayer Hall"
"1152","356","Wigglesworth Hall"
"1153","357","Canaday Hall"
"1154","358","Pennypacker Hall"
"1155","359","Wigglesworth Hall"
"1156","360","Matthews Hall"
"1157","361","Hollis Hall"
"1158","362","Lionel Hall"
"1159","363","Holworthy Hall"
"1160","364","Greenough Hall"
"1161","365","Matthews Hall"
"1162","366","Thayer Hall"
"1163","367","Straus Hall"
"1164","368","Wigglesworth Hall"
"1165","369","Hollis Hall"
"1166","370","Lionel Hall"
"1167","371","Greenough Hall"
"1168","372","Weld Hall"
"1169","373","Grays Hall"
"1170","374","Stoughton Hall"
"1171","375","Straus Hall"
"1172","376","Straus Hall"
"1173","377","Hurlbut Hall"
"1174","378","Apley Court"
"1175","379","Matthews Hall"
"1176","380","Matthews Hall"
"1177","381","Matthews Hall"
"1178","382","Wigglesworth Hall"
"1179","383","Matthews Hall"
"1180","384","Wigglesworth Hall"
"1181","385","Weld Hall"
"1182","386","Weld Hall"
"1183","387","Canaday Hall"
"1184","388","Canaday Hall"
"1185","389","Canaday Hall"
"1186","390","Canaday Hall"
"1187","391","Canaday Hall"
"1188","392","Canaday Hall"
"1189","393","Canaday Hall"
"1190","394","Weld Hall"
"1191","395","Hollis Hall"
"1192","396","Greenough Hall"
"1193","397","Straus Hall"
"1194","398","Thayer Hall"
